<?xml version="1.0" encoding="utf-8"?>
<extension version="3" type="template" client="site" method="upgrade">
	<name>diler3</name>
	<creationDate>November 2012</creationDate>
	<author>digitale-lernumgebung.de</author>
	<packagename>diler</packagename>
	<authorEmail>diler@digitale-lernumgebung.de</authorEmail>
	<authorUrl>https://digitale-lernumgebung.de</authorUrl>
	<copyright>digitale-lernumgebung.de</copyright>
	<license>AGPL v3 or later</license>
	<version>7.2.7</version>
	<description>TPL_DILER3_XML_DESCRIPTION</description>
	<files>
		<filename>android-chrome-144x144.png</filename>
		<filename>android-chrome-192x192.png</filename>
		<filename>android-chrome-36x36.png</filename>
		<filename>android-chrome-48x48.png</filename>
		<filename>android-chrome-72x72.png</filename>
		<filename>android-chrome-96x96.png</filename>
		<filename>apple-touch-icon-114x114.png</filename>
		<filename>apple-touch-icon-120x120.png</filename>
		<filename>apple-touch-icon-144x144.png</filename>
		<filename>apple-touch-icon-152x152.png</filename>
		<filename>apple-touch-icon-180x180.png</filename>
		<filename>apple-touch-icon-57x57.png</filename>
		<filename>apple-touch-icon-60x60.png</filename>
		<filename>apple-touch-icon-72x72.png</filename>
		<filename>apple-touch-icon-76x76.png</filename>
		<filename>apple-touch-icon-precomposed.png</filename>
		<filename>apple-touch-icon.png</filename>
		<filename>favicon-16x16.png</filename>
		<filename>favicon-194x194.png</filename>
		<filename>favicon-32x32.png</filename>
		<filename>favicon-96x96.png</filename>
		<filename>favicon.ico</filename>
		<filename>mstile-144x144.png</filename>
		<filename>mstile-150x150.png</filename>
		<filename>mstile-310x150.png</filename>
		<filename>mstile-310x310.png</filename>
		<filename>mstile-70x70.png</filename>
		<filename>component.php</filename>
		<filename>error.php</filename>
		<filename>index.php</filename>
		<filename>templateDetails.xml</filename>
		<filename>template_preview.png</filename>
		<filename>template_thumbnail.png</filename>
		<filename>manifest.json</filename>
		<folder>bs4</folder>
		<folder>css</folder>
		<folder>fonts</folder>
		<folder>html</folder>
		<folder>images</folder>
		<folder>js</folder>
		<folder>jui</folder>
		<folder>language</folder>
		<folder>less</folder>
	</files>
	<positions>
		<position>diler-ribbon</position>
		<position>diler-topnav4</position>
		<position>diler-header</position>
		<position>diler-left-top</position>
		<position>diler-left</position>
		<position>diler-right</position>
		<position>diler-topcontent</position>
		<position>diler-contentabovetop</position>
		<position>diler-contentaboveleft</position>
		<position>diler-contentaboveright</position>
		<position>diler-calendar</position>
		<position>diler-centered</position>
		<position>diler-footer</position>
		<position>diler-login-languages</position>
		<position>debug</position>
		<position>diler-bulletin-header</position>
		<position>diler-bulletin-bottom</position>
		<position>diler-bulletin-left</position>
		<position>diler-bulletin-main</position>
		<position>diler-bulletin-right</position>
	</positions>
 	<config>
		<fields name="params">
			<fieldset name="basic">
				<field name="centered" type="radio" class="btn-group" default="0" label="TPL_DILER3_PARAMETER_LAYOUTVARIATION_LABEL" description="TPL_DILER3_PARAMETER_LAYOUTVARIATION_DESC">
  					<option value="0">TPL_DILER3_PARAMETER_LAYOUTVARIATION_OPTION_DEFAULT</option>
  					<option value="1">TPL_DILER3_PARAMETER_LAYOUTVARIATION_OPTION_CENTERED</option>
  					<option value="2">TPL_DILER3_PARAMETER_LAYOUTVARIATION_OPTION_BULLETIN</option>
  				</field>
				<field name="spanLeft" type="text" default="4" filter="integer" label="TPL_DILER3_PARAMETER_COLLEFT_LABEL" description="TPL_DILER3_PARAMETER_COLLEFT_DESC" />
				<field name="spanRight" type="text" default="2" filter="integer" label="TPL_DILER3_PARAMETER_COLRIGHT_LABEL" description="TPL_DILER3_PARAMETER_COLRIGHT_DESC" />
				<field name="bgImage" type="radio" class="btn-group" default="0" label="TPL_DILER3_PARAMETER_BGIMAGE_LABEL" description="TPL_DILER3_PARAMETER_BGIMAGE_DESC">
  					<option value="0">JNO</option>
  					<option value="1">JYES</option>
  				</field>
			</fieldset>
		</fields>
	</config>
</extension>
