<?xml version="1.0" encoding="utf-8"?>
<extension version="3.4.0" type="plugin" group="system" method="upgrade">
	<name>plg_system_dilerssl</name>
	<creationDate>March 2015</creationDate>
	<author>digitale-lernumgebung.de</author>
	<packagename>diler</packagename>
	<authorEmail>diler@digitale-lernumgebung.de</authorEmail>
	<authorUrl>https://digitale-lernumgebung.de</authorUrl>
	<copyright>digitale-lernumgebung.de</copyright>
	<license>AGPL v3 or later</license>
	<version>7.2.7</version>
	<description>PLG_SYSTEM_DILERSSL_XML_DESCRIPTION</description>
	<files>
		<filename plugin="dilerssl">dilerssl.php</filename>
		<filename>index.html</filename>
		<folder>language</folder>
	</files>
</extension>
