<?xml version="1.0" encoding="utf-8"?>
<extension version="3.3" type="plugin" group="installer" method="upgrade">
	<name>PLG_INSTALLER_DILERUPDATE</name>
	<creationDate>November 2012</creationDate>
	<author>digitale-lernumgebung.de</author>
	<packagename>diler</packagename>
	<authorEmail>diler@digitale-lernumgebung.de</authorEmail>
	<authorUrl>https://digitale-lernumgebung.de</authorUrl>
	<copyright>digitale-lernumgebung.de</copyright>
	<license>AGPL v3 or later</license>
	<version>7.2.7</version>
	<description>PLG_INSTALLER_DILER_XML_DESCRIPTION</description>

	<files>
		<filename plugin="dilerupdate">dilerupdate.php</filename>
		<filename>index.html</filename>
		<folder>language</folder>
	</files>
	
</extension>
