<?xml version="1.0" encoding="utf-8"?>
<extension version="3.2.0" type="plugin" group="user" method="upgrade">
	<name>PLG_USER_DILERREG</name>
	<creationDate>November 2012</creationDate>
	<author>digitale-lernumgebung.de</author>
	<packagename>diler</packagename>
	<authorEmail>diler@digitale-lernumgebung.de</authorEmail>
	<authorUrl>https://digitale-lernumgebung.de</authorUrl>
	<copyright>digitale-lernumgebung.de</copyright>
	<license>AGPL v3 or later</license>
	<version>7.2.7</version>
	<description>PLG_USER_DILERREG_XML_DESCRIPTION</description>

	<files>
		<filename plugin="dilerreg">dilerreg.php</filename>
		<filename>index.html</filename>
		<folder>language</folder>
	</files>
	
	<config>
		<fields name="params">
			<fieldset name="basic" addfieldpath="/administrator/components/com_content/models/fields">
				<field name="allowuseredit-require_region" type="list" description="PLG_USER_DILERREG_ALLOW_EDIT_DESC" label="PLG_USER_DILERREG_ALLOW_EDIT_LABEL">
					<option value="0">PLG_USER_DILERREG_ALLOW_EDIT_OPTION_NOTALLOW</option>
					<option value="1">PLG_USER_DILERREG_ALLOW_EDIT_OPTION_ALLOW</option>
				</field>
			</fieldset>
		</fields>
	</config>
</extension>
