<?xml version="1.0" encoding="utf-8"?>
<extension version="3.0" type="plugin" group="system" method="upgrade">
    <name>plg_system_dilerlinkmodifier</name>
    <author>digitale-lernumgebung.de</author>
    <creationDate>Dec 2020</creationDate>
    <packagename>diler</packagename>
    <authorEmail>diler@digitale-lernumgebung.de</authorEmail>
    <authorUrl>https://digitale-lernumgebung.de</authorUrl>
    <copyright>digitale-lernumgebung.de</copyright>
    <license>AGPL v3 or later</license>
    <version>7.2.7</version>
    <description>PLG_SYSTEM_DILERLINKMODIFIER_DESCRIPTION</description>
    <files>
        <filename plugin="dilerlinkmodifier">dilerlinkmodifier.php</filename>
        <filename>index.html</filename>
        <folder>language</folder>
    </files>
</extension>