<?xml version="1.0" encoding="utf-8"?>
<extension type="component" version="3.3" method="upgrade">
	<name>DiLer Ajax</name>
	<creationDate>November 2012</creationDate>
	<author>digitale-lernumgebung.de</author>
	<packagename>diler</packagename>
	<authorEmail>diler@digitale-lernumgebung.de</authorEmail>
	<authorUrl>https://digitale-lernumgebung.de</authorUrl>
	<copyright>digitale-lernumgebung.de</copyright>
	<license>AGPL v3 or later</license>
	<version>7.2.7</version>
	<scriptfile>script.php</scriptfile>

	<files folder="site">
		<filename>controller.php</filename>
		<filename>dilerajax.php</filename>
		<filename>index.html</filename>
		<folder>controllers</folder>
		<folder>views</folder>
	</files>
	<administration>
		<!-- empty -->
	</administration>
	<install><!-- Runs on install -->
	</install>

	<dependencies>
		<dependency type="platform" name="joomla" operator="=" version="((4\.[01234]))" />
	</dependencies>
</extension>

