<?xml version="1.0" encoding="utf-8"?>
<extension type="component" version="3.3" method="upgrade">
	<name>COM_DILERREG</name>
	<creationDate>November 2012</creationDate>
	<author>digitale-lernumgebung.de</author>
	<packagename>diler</packagename>
	<authorEmail>diler@digitale-lernumgebung.de</authorEmail>
	<authorUrl>https://digitale-lernumgebung.de</authorUrl>
	<copyright>digitale-lernumgebung.de</copyright>
	<license>AGPL v3 or later</license>
	<version>7.2.7</version>
	<description>COM_DILERREG_XML_DESCRIPTION</description>
	<scriptfile>script.php</scriptfile>
	<install><!-- Runs on install -->
		<sql>
			<file driver="mysql" charset="utf8">sql/install.mysql.utf8.sql</file>
		</sql>
	</install>
	<uninstall><!-- Runs on uninstall -->
		<sql>
			<file driver="mysql" charset="utf8">sql/uninstall.mysql.utf8.sql</file>
		</sql>
	</uninstall>
	<update>
		<schemas>
			<schemapath type="mysql">sql/updates/mysql</schemapath>
		</schemas>
	</update>
	<files folder="site">
		<filename>index.html</filename>
		<filename>dilerreg.php</filename>
		<filename>controller.php</filename>
		<folder>controllers</folder>
		<folder>models</folder>
		<folder>views</folder>
	</files>
	<administration>
		<menu view="codes">COM_DILERREG</menu>
		<files folder="admin">
			<filename>access.xml</filename>
			<filename>config.xml</filename>
			<filename>controller.php</filename>
			<filename>dilerreg.php</filename>
			<filename>index.html</filename>
			<folder>assets</folder>
			<folder>controllers</folder>
			<folder>helpers</folder>
			<folder>language</folder>
			<folder>layouts</folder>
			<folder>models</folder>
			<folder>sql</folder>
			<folder>tables</folder>
			<folder>views</folder>
		</files>
	</administration>

	<dependencies>
		<dependency type="platform" name="joomla" operator="=" version="((4\.[01234]))" />
	</dependencies>
</extension>

