<?xml version="1.0" encoding="utf-8"?>
<extension version="3.1" type="plugin" group="authentication" method="upgrade">
	<name>plg_authentication_diler</name>
	<creationDate>November 2012</creationDate>
	<author>digitale-lernumgebung.de</author>
	<packagename>diler</packagename>
	<authorEmail>diler@digitale-lernumgebung.de</authorEmail>
	<authorUrl>https://digitale-lernumgebung.de</authorUrl>
	<copyright>digitale-lernumgebung.de</copyright>
	<license>AGPL v3 or later</license>
	<version>7.2.7</version>
	<description>PLG_AUTHENTICATION_DILER_XML_DESCRIPTION</description>
	<files>
		<filename plugin="diler">diler.php</filename>
		<filename>index.html</filename>
		<folder>language</folder>
	</files>
</extension>
