<?xml version="1.0" encoding="utf-8"?>
<extension type="module" version="3.3" client="site" method="upgrade">
	<name>mod_latestmessages</name>
	<creationDate>November 2012</creationDate>
	<author>digitale-lernumgebung.de</author>
	<packagename>diler</packagename>
	<authorEmail>diler@digitale-lernumgebung.de</authorEmail>
	<authorUrl>https://digitale-lernumgebung.de</authorUrl>
	<copyright>digitale-lernumgebung.de</copyright>
	<license>AGPL v3 or later</license>
	<version>7.2.7</version>
	<description>MOD_LATESTMESSAGES_DESC</description>
	<files>
		<filename module="mod_latestmessages">mod_latestmessages.php</filename>
		<filename>helper.php</filename>
		<filename>index.html</filename>
		<folder>language</folder>
		<folder>tmpl</folder>
	</files>
	<config>
		<fields name="params">
			<fieldset name="advanced">
				<field
					name="moduleclass_sfx"
					type="text"
					label="COM_MODULES_FIELD_MODULECLASS_SFX_LABEL"
					description="COM_MODULES_FIELD_MODULECLASS_SFX_DESC" />
			</fieldset>
		</fields>
	</config>
</extension>
