<?xml version="1.0" encoding="utf-8"?>
<extension type="component" version="3.6" method="upgrade">
    <name>com_dilerauth</name>
    <creationDate>January 2022</creationDate>
    <author>digitale-lernumgebung.de</author>
    <packagename>dilerauth</packagename>
    <authorEmail>diler@digitale-lernumgebung.de</authorEmail>
    <authorUrl>https://digitale-lernumgebung.de</authorUrl>
    <copyright>digitale-lernumgebung.de</copyright>
    <license>AGPL v3 or later</license>
    <version>7.2.7</version>
    <description>COM_DILERAUTH_DESCRIPTION</description>
    <install>
        <sql>
            <file driver="mysql" charset="utf8">sql/install.mysql.utf8.sql</file>
        </sql>
    </install>
    <uninstall>
        <sql>
            <file driver="mysql" charset="utf8">sql/uninstall.mysql.utf8.sql</file>
        </sql>
    </uninstall>
    <administration>
        <menu view="clients">com_dilerauth</menu>
        <files folder="admin">
            <filename>controller.php</filename>
            <filename>dilerauth.php</filename>
            <filename>index.html</filename>
            <folder>controllers</folder>
            <folder>language</folder>
            <folder>models</folder>
            <folder>sql</folder>
            <folder>tables</folder>
            <folder>views</folder>
        </files>
    </administration>
    <files folder="site">
        <filename>controller.php</filename>
        <filename>dilerauth.php</filename>
        <filename>index.html</filename>
        <folder>controllers</folder>
        <folder>language</folder>
        <folder>layouts</folder>
        <folder>models</folder>
        <folder>views</folder>
    </files>
    <dependencies>
        <dependency type="platform" name="joomla" operator=">" version="((4\.[01234]))"/>
    </dependencies>
</extension>
