<?xml version="1.0" encoding="utf-8" ?>
<access component="com_diler">
        <section name="component">
                <action 
						name="core.admin" 
						title="JACTION_ADMIN" 
						description="JACTION_ADMIN_COMPONENT_DESC" 
				/>
                <action 
						name="core.manage" 
						title="JACTION_MANAGE" 
						description="JACTION_MANAGE_COMPONENT_DESC" 
				/>
                <action 
						name="core.create" 
						title="JACTION_CREATE" 
						description="JACTION_CREATE_COMPONENT_DESC" 
				/>
                <action 
						name="core.delete" 
						title="JACTION_DELETE" 
						description="JACTION_DELETE_COMPONENT_DESC" 
				/>
                <action 
						name="core.edit" 
						title="JACTION_EDIT" 
						description="JACTION_EDIT_COMPONENT_DESC" 
				/>
				
        </section>		
        <section name="message">
                <action name="core.delete" title="JACTION_DELETE" description="COM_HELLOWORLD_ACCESS_DELETE_DESC" />
                <action name="core.edit" title="JACTION_EDIT" description="COM_HELLOWORLD_ACCESS_EDIT_DESC" />
        </section>

</access>